-- Adminer 4.1.0 MySQL dump

SET NAMES utf8;
SET time_zone = '+00:00';
SET foreign_key_checks = 0;
SET sql_mode = 'NO_AUTO_VALUE_ON_ZERO';

DROP TABLE IF EXISTS `articles`;
CREATE TABLE `articles` (
  `id` int(11) NOT NULL AUTO_INCREMENT,
  `title` varchar(255) CHARACTER SET utf8 NOT NULL,
  `text` text CHARACTER SET utf8 NOT NULL,
  `author` int(11) NOT NULL,
  `postdate` datetime NOT NULL,
  `publishDate` datetime NOT NULL,
  `photo` varchar(255) DEFAULT NULL,
  `published` tinyint(4) DEFAULT NULL,
  `webalized` varchar(255) DEFAULT NULL,
  `offer` tinyint(4) DEFAULT NULL,
  PRIMARY KEY (`id`),
  KEY `author` (`author`),
  KEY `categoryId` (`photo`),
  CONSTRAINT `articles_ibfk_1` FOREIGN KEY (`author`) REFERENCES `users` (`id`)
) ENGINE=InnoDB DEFAULT CHARSET=latin1;

INSERT INTO `articles` (`id`, `title`, `text`, `author`, `postdate`, `publishDate`, `photo`, `published`, `webalized`, `offer`) VALUES
(12,	'1 | březen 2014',	'',	1,	'2015-01-28 20:50:11',	'2015-01-28 20:50:24',	'33qpjp3vvw.00.jpg',	1,	'1-brezen-2014',	0),
(13,	'Prodej aut pod kontrolou',	'<p style=\"text-align:justify\">Aplikace AUTOKLIENT je již druh&yacute;m rokem v&yacute;znamn&yacute;m pomocn&iacute;kem prodejců automobilů. Eviduje popt&aacute;vky a obchodn&iacute; př&iacute;pady ze v&scaron;ech zdrojů. Zabezpečuje spr&aacute;vn&yacute; průběh při jejich vyřizov&aacute;n&iacute;. Umožňuje tak dokonalou kontrolu ve&scaron;ker&eacute;ho potenci&aacute;lu a spravedlivě vyhodnocuje pr&aacute;ci s n&iacute;m.</p>\n\n<p style=\"text-align:justify\">AUTOKLIENT je jedinečn&yacute;m syst&eacute;mem zvy&scaron;uj&iacute;c&iacute;m efektivitu při vyřizov&aacute;n&iacute; OP. Od jeho aktivace na podzim 2012 s n&iacute;m dnes aktivně pracuj&iacute; des&iacute;tky dealerů a prodejců automobilů. Na rozd&iacute;l od řady obecn&yacute;ch programů, kter&eacute; b&yacute;vaj&iacute; souč&aacute;st&iacute; nejrůzněj&scaron;&iacute;ch CRM produktů, je AUTOKLIENT postaven na letit&yacute;ch zku&scaron;enostech v prodeji aut a je logick&yacute;m v&yacute;sledkem pr&aacute;ce obchodn&iacute;ch, marketingov&yacute;ch a IT t&yacute;mů, kter&eacute; tvořily a tvoř&iacute;, kromě jin&yacute;ch, automobilov&eacute; port&aacute;ly AUTOSYSTEM a AUTOMODUL.</p>\n\n<p style=\"text-align:justify\"><a href=\"http://www.autoklient.cz/\" style=\"color: rgb(204, 0, 0); -webkit-transition: color 0.2s ease-in-out, background-color 0.15s ease-in-out; transition: color 0.2s ease-in-out, background-color 0.15s ease-in-out;\">www.autoklient.cz</a></p>\n',	1,	'2015-01-28 20:51:13',	'0000-00-00 00:00:00',	'uwlvyevy78.00.jpg',	NULL,	'prodej-aut-pod-kontrolou',	0),
(14,	'Podpora prodeje nových automobilů',	'<p style=\"text-align:justify\">Aplikace AUTOSYSTEM.CZ se dlouhodobě zaměřuje na nab&iacute;dku předev&scaron;&iacute;m nov&yacute;ch automobilů. Vět&scaron;inu obchodn&iacute;ch partnerů proto tvoř&iacute; autorizovan&iacute; dealeři z ČR. Nab&iacute;zen&eacute; automobily jsou z autorizovan&yacute;ch zdrojů import&eacute;rů a v&yacute;robců v ČR.</p>\n\n<p style=\"text-align:justify\">V leto&scaron;n&iacute;m roce si d&aacute;v&aacute; port&aacute;l za c&iacute;l nab&iacute;dnout minim&aacute;lně polovinu v&scaron;ech nov&yacute;ch automobilů z autorizovan&yacute;ch zdrojů v ČR. Nab&iacute;dka AUTOSYSTEMU m&aacute; reprezontovat auta tuzemsk&yacute;ch prodejců a odli&scaron;it tak nab&iacute;dku ze zahraničn&iacute;ch nebo neautorizovan&yacute;ch zdrojů.</p>\n\n<p style=\"text-align:justify\">AUTOSYSTEM tak podpoř&iacute; nejen prodej nov&yacute;ch aut, ale předev&scaron;&iacute;m jejich prodej tuzemsk&yacute;mi prodejci. Kredit, kter&yacute; aplikace za l&eacute;ta působen&iacute; na česk&eacute;m trhu z&iacute;skala, přiv&aacute;d&iacute; kvalitn&iacute; z&aacute;kazn&iacute;ky a na rozd&iacute;l od jin&yacute;ch auto port&aacute;lů, je AUTOSYSTEM zaměřen proklientsky.</p>\n\n<p style=\"text-align:justify\"><a href=\"http://www.autosystem.cz/\" style=\"color: rgb(204, 0, 0); -webkit-transition: color 0.2s ease-in-out, background-color 0.15s ease-in-out; transition: color 0.2s ease-in-out, background-color 0.15s ease-in-out;\">www.autosystem.cz</a></p>\n',	1,	'2015-01-28 20:51:55',	'0000-00-00 00:00:00',	'rlsyklbdo9.2.jpg',	NULL,	'podpora-prodeje-novych-automobilu',	0),
(15,	'2 v 1',	'<p style=\"text-align:justify\">Dealeři a prodejci z&iacute;sk&aacute;vaj&iacute; při využit&iacute; v ČR ojedinělou kombinaci služeb dvou aplikac&iacute;.</p>\n\n<p style=\"text-align:justify\">AUTOKLIENT zaji&scaron;ťuj&iacute;c&iacute; kontrolu nad z&iacute;sk&aacute;van&yacute;m potenci&aacute;lem popt&aacute;vek ze v&scaron;ech zdrojů</p>\n\n<p style=\"text-align:justify\">AUTOSYSTEM zaji&scaron;ťuj&iacute;c&iacute; podporu prodeje nov&yacute;ch vozů z ofici&aacute;ln&iacute;ch zdrojů a možnost přenosu nab&iacute;zen&yacute;ch automobilů do extern&iacute;ch syst&eacute;mů, např. inzertn&iacute;ch webů.</p>\n\n<p style=\"text-align:justify\"><a href=\"http://www.autoklient.cz/\" style=\"color: rgb(204, 0, 0); -webkit-transition: color 0.2s ease-in-out, background-color 0.15s ease-in-out; transition: color 0.2s ease-in-out, background-color 0.15s ease-in-out;\">www.autoklient.cz</a><br />\n<a href=\"http://www.autosystem.cz/\" style=\"color: rgb(204, 0, 0); -webkit-transition: color 0.2s ease-in-out, background-color 0.15s ease-in-out; transition: color 0.2s ease-in-out, background-color 0.15s ease-in-out;\">www.autosystem.cz</a></p>\n',	1,	'2015-01-28 20:52:53',	'0000-00-00 00:00:00',	'3kjj0qbdsp.03.jpg',	NULL,	'2-v-1',	0),
(16,	'Financování musí být vidět',	'<p style=\"text-align:justify\">Až polovina v&scaron;ech prodejů nov&yacute;ch automobilů se realizuje s využit&iacute;m finančn&iacute;ch služeb. Na leasing nebo na &uacute;věr nakupuje st&aacute;le početn&aacute; skupina z řad soukrom&yacute;ch osob i podnikatelů. Na trhu v ČR neexistuje finančn&iacute; produk, kter&yacute; by byl nejlep&scaron;&iacute; a umožnil bez v&aacute;h&aacute;n&iacute; a přem&yacute;&scaron;len&iacute; n&aacute;kup jak&eacute;hokoliv vozu. Dnes již t&eacute;měř každ&aacute; značka m&aacute; svoje finančn&iacute; služby, kter&eacute; jsou nastaven&eacute; přesně na jej&iacute; modelov&eacute; řady. Stejně tak prodejci sjedn&aacute;vaj&iacute; extra produkty &scaron;it&eacute; na m&iacute;ru jejich portfoliu z&aacute;kazn&iacute;ků.</p>\n\n<p style=\"text-align:justify\">Každ&yacute; dealer nab&iacute;zej&iacute;c&iacute; automobily v aplikaci AUTOSYSTEM bude m&iacute;t možnost v potřebn&eacute;m rozsahu nab&iacute;dnout nejen automobil, ale i finančn&iacute; podm&iacute;nky podporuj&iacute;c&iacute; a zaji&scaron;ťuj&iacute;c&iacute; prodej takov&eacute;ho vozu.</p>\n\n<p style=\"text-align:justify\"><a href=\"http://www.autosystem.cz/\" style=\"color: rgb(204, 0, 0); -webkit-transition: color 0.2s ease-in-out, background-color 0.15s ease-in-out; transition: color 0.2s ease-in-out, background-color 0.15s ease-in-out;\">www.autosystem.cz</a></p>\n',	1,	'2015-01-28 20:53:47',	'0000-00-00 00:00:00',	'r5ke801jmv.04.jpg',	NULL,	'financovani-musi-byt-videt',	0),
(17,	'2 | červenec 2014',	'<p style=\"text-align:justify\">Aplikace AUTOSYSTEM.CZ se dlouhodobě zab&yacute;v&aacute; obchodem s automobily a souvisej&iacute;c&iacute;mi finančn&iacute;mi a marketingov&yacute;mi aktivitami.</p>\n\n<p style=\"text-align:justify\">Podporuje prodej automobilů sv&yacute;ch klientů &ndash; autorizovan&yacute;ch dealerů a dal&scaron;&iacute;ch vybran&yacute;ch prodejců.</p>\n\n<p style=\"text-align:justify\">Vedle nab&iacute;dky konkr&eacute;tn&iacute;ch vozů využit&iacute;m funkc&iacute; aplikace AUTOSYSTEM, nab&iacute;z&iacute; možnost využit&iacute; i reklamn&iacute;ch form&aacute;tů. Kombinac&iacute; těchto dvou cest, vedouc&iacute;ch k potenci&aacute;ln&iacute;mu z&aacute;kazn&iacute;kovi, se n&aacute;sobně zvy&scaron;uje pravděpodobnost z&iacute;sk&aacute;n&iacute; vět&scaron;&iacute;ho potenci&aacute;lu z&aacute;kazn&iacute;ků.</p>\n\n<p style=\"text-align:justify\">Reklamn&iacute; form&aacute;ty v aplikaci AUTOSYSTEM trvale využ&iacute;vaj&iacute; v&yacute;znamn&iacute; prodejci na trhu v ČR.</p>\n\n<p style=\"text-align:justify\">Aktu&aacute;lně jsme připravili model tzv. kampaňovit&eacute; reklamy, kter&aacute; je určena dealerům a prodejcům, kteř&iacute; z nejrůzněj&scaron;&iacute;ch důvodů nevyužij&iacute; dlouhodobou formu reklamn&iacute; prezentace. Pr&aacute;vě jim nab&iacute;z&iacute;me možnost zvolit si jakkoliv dlouh&eacute; časov&eacute; obdob&iacute; pro svou kampaň nebo prezentaci. Současně si mohou zvolit formu prezentace &ndash; vlastn&iacute; firmy, jej&iacute;ch služeb nebo skupiny resp. s&eacute;rie vozů nebo jednotliv&yacute;ch automobilů. V&yacute;sledekem je pak c&iacute;len&aacute; reklama jak z časov&eacute;ho, tak I obsahov&eacute;ho hlediska v optim&aacute;ln&iacute;m investičn&iacute;m r&aacute;mci.</p>\n\n<p style=\"text-align:justify\"><a href=\"http://www.autosystem.cz/\" style=\"color: rgb(204, 0, 0); -webkit-transition: color 0.2s ease-in-out, background-color 0.15s ease-in-out; transition: color 0.2s ease-in-out, background-color 0.15s ease-in-out;\">www.autosystem.cz</a></p>\n',	1,	'2015-01-28 20:58:38',	'2015-01-28 20:58:42',	'sz1417wq0e.2.jpg',	1,	'2-cervenec-2014',	0),
(18,	'3 | listopad 2014',	'<p style=\"text-align:justify\">V&aacute;žen&iacute; obchodn&iacute; př&aacute;tel&eacute;,<br />\ntrh s&nbsp;nov&yacute;mi automobily se zd&aacute; b&yacute;t stabilizov&aacute;n a rozdělen.</p>\n\n<p style=\"text-align:justify\"><strong>Existuj&iacute; je&scaron;tě vůbec nějak&eacute; možnosti, jak dos&aacute;hnout zvy&scaron;ov&aacute;n&iacute; prodeje?</strong><br />\nProdejem nov&yacute;ch automobilů se zab&yacute;v&aacute;me již od roku 1991 a po celou dobu optimalizujeme postupy pro z&iacute;sk&aacute;v&aacute;n&iacute; popt&aacute;vek a jejich spr&aacute;vn&eacute; vyřizov&aacute;n&iacute;.</p>\n\n<p style=\"text-align:justify\">Dobře proto v&iacute;me, že vedle dodržov&aacute;n&iacute; dealersk&yacute;ch procedur je nezbytn&eacute;:</p>\n\n<ul>\n	<li>nab&iacute;zet automobily v&nbsp;přesn&yacute;ch konfigurac&iacute;ch</li>\n	<li>vyřizovat popt&aacute;vky spr&aacute;vn&yacute;mi postupy</li>\n</ul>\n\n<p style=\"text-align:justify\">Průběžnou optimalizac&iacute; těchto věc&iacute;, lze pak dosahovat zvy&scaron;ov&aacute;n&iacute; efektivity prodeje a zdrojů popt&aacute;vek. V&yacute;sledkem na&scaron;ich letit&yacute;ch zku&scaron;enost&iacute; jsou syst&eacute;my, kter&eacute; tuto optimalizaci zaji&scaron;ťuj&iacute;:</p>\n\n<ul>\n	<li>AUTO &ndash; LINK pro spr&aacute;vu a nab&iacute;dku automobilů</li>\n	<li>AUTOKLIENT pro spr&aacute;vn&eacute; vyřizov&aacute;n&iacute; popt&aacute;vek</li>\n</ul>\n',	1,	'2015-01-28 21:10:37',	'2015-01-28 21:01:00',	NULL,	1,	'3-listopad-2014',	1),
(19,	'AUTO-LINK',	'<p style=\"text-align:justify\">AUTOLINK je jedin&yacute;m profesion&aacute;ln&iacute;m ře&scaron;en&iacute;m pro spr&aacute;vu a aktualizaci automobilů.<br />\nJedinečnost ře&scaron;en&iacute; spoč&iacute;v&aacute; ve schopnosti z&iacute;sk&aacute;vat a zpracov&aacute;vat origin&aacute;ln&iacute; parametry modelů v&scaron;ech značek prod&aacute;van&yacute;ch na trhu v&nbsp;ČR.<br />\nAUTOLINK tato vstupn&iacute; data v&scaron;ech značek zpracov&aacute;v&aacute; pro v&scaron;echny zn&aacute;m&eacute; firemn&iacute; operačn&iacute; syst&eacute;my.</p>\n\n<p style=\"text-align:justify\">AUTOLINK proto zaji&scaron;ťuje:</p>\n\n<ul>\n	<li>kompletn&iacute; spr&aacute;vu a administraci skladov&yacute;ch vozů</li>\n	<li>centr&aacute;ln&iacute; a automatickou aktualizaci nab&iacute;zen&yacute;ch a inzerovan&yacute;ch vozů</li>\n</ul>\n\n<p style=\"text-align:justify\"><a href=\"http://www.auto-link.cz/\" style=\"color: rgb(204, 0, 0); -webkit-transition: color 0.2s ease-in-out, background-color 0.15s ease-in-out; transition: color 0.2s ease-in-out, background-color 0.15s ease-in-out;\">www.auto-link.cz</a></p>\n',	1,	'2015-01-28 21:01:31',	'0000-00-00 00:00:00',	'37itg2kch5.01.jpg',	NULL,	'auto-link',	0),
(20,	'AUTOKLIENT',	'<p style=\"text-align:justify\">Dealeři disponuj&iacute; vět&scaron;inou stejn&yacute;mi zdroji popt&aacute;vek:</p>\n\n<ul>\n	<li>autosalon</li>\n	<li>vlastn&iacute; internetov&eacute; str&aacute;nky</li>\n	<li>internetov&eacute; str&aacute;nky import&eacute;ra</li>\n	<li>telefonn&iacute; linky</li>\n	<li>inzertn&iacute; weby</li>\n	<li>reklamn&iacute; akce a kampaně</li>\n</ul>\n\n<p style=\"text-align:justify\">Evidenci, vyřizov&aacute;n&iacute; a kontrolu stavu popt&aacute;vek v&scaron;ak vět&scaron;ina prodejců neře&scaron;&iacute; spr&aacute;vně.</p>\n\n<p style=\"text-align:justify\">AUTOKLIENT je aplikace, kter&aacute; zejm&eacute;na po obchodn&iacute; str&aacute;nce ře&scaron;&iacute; průběh a vyřizov&aacute;n&iacute; obchodn&iacute;ch př&iacute;padů. Prodejcům tak usnadňuje pr&aacute;ci a ř&iacute;d&iacute;c&iacute;m pracovn&iacute;kům a majitelům umožňuje on-line sledov&aacute;n&iacute; a kontrolu průběhu realizace obchodn&iacute;ch př&iacute;padů.</p>\n\n<p style=\"text-align:justify\">Je velk&yacute; rozd&iacute;l mezi aplikac&iacute; s&nbsp;obchodn&iacute;mi funkcemi a běžn&yacute;mi (CRM) komunikačn&iacute;mi aplikacemi.</p>\n\n<p style=\"text-align:justify\"><a href=\"http://www.autoklient.cz/\" style=\"color: rgb(204, 0, 0); -webkit-transition: color 0.2s ease-in-out, background-color 0.15s ease-in-out; transition: color 0.2s ease-in-out, background-color 0.15s ease-in-out;\">www.autoklient.cz</a></p>\n',	1,	'2015-01-28 21:02:12',	'0000-00-00 00:00:00',	'qxpcbyn4la.00.jpg',	NULL,	'autoklient',	0),
(21,	'AUTOSYSTEM',	'<p style=\"text-align:justify\">Internetov&yacute; obchod s&nbsp;automobily, zprostředkov&aacute;vaj&iacute;c&iacute; prodej automobilů předev&scaron;&iacute;m dealerů nov&yacute;ch vozů.</p>\n\n<p style=\"text-align:justify\">AUTOSYSTEM automaticky nab&iacute;z&iacute; automobily klientů, kteř&iacute; využ&iacute;vaj&iacute; AUTO &ndash; LINK pro spr&aacute;vu a aktualizaci automobilů a využ&iacute;vaj&iacute; aplikace AUTOKLIENT pro spr&aacute;vn&eacute; vyřizov&aacute;n&iacute; popt&aacute;vek.</p>\n\n<p style=\"text-align:justify\">AUTOSYSTEM je tak jedin&yacute;m port&aacute;lem v&nbsp;ČR s&nbsp;nab&iacute;dkou automobilů ve spr&aacute;vn&yacute;ch konfigurac&iacute;ch a on-line aktualizovan&yacute;ch.</p>\n\n<p style=\"text-align:justify\">AUTOSYSTEM proto generuje kvalitn&iacute; popt&aacute;vky, kter&eacute; se n&aacute;sledně eviduj&iacute;, vyřizuj&iacute; a d&aacute;le zpracov&aacute;vaj&iacute; podle optimalizovan&yacute;ch postupů.</p>\n\n<p style=\"text-align:justify\"><a href=\"http://www.autosystem.cz/\" style=\"color: rgb(204, 0, 0); -webkit-transition: color 0.2s ease-in-out, background-color 0.15s ease-in-out; transition: color 0.2s ease-in-out, background-color 0.15s ease-in-out;\">www.autosystem.cz</a></p>\n',	1,	'2015-01-28 21:02:50',	'0000-00-00 00:00:00',	'31w3kjxs43.05.jpg',	NULL,	'autosystem',	0),
(22,	'4 | prosinec 2014',	'<p><span style=\"font-family:helvetica,arial,sans-serif; font-size:12px\">V&aacute;žen&iacute; obchodn&iacute; př&aacute;tel&eacute;,</span><br />\n<span style=\"font-family:helvetica,arial,sans-serif; font-size:12px\">r&aacute;di bychom V&aacute;m touto cestou poděkovali za spolupr&aacute;ci v&nbsp;uplynul&eacute;m roce a dovolujeme si prov&eacute;st stručnou bilanci aktivit, kter&eacute; se n&aacute;m v&nbsp;něm podařily a kter&eacute; pl&aacute;nujeme do nov&eacute;ho roku 2015.</span></p>\n\n<p>&nbsp;</p>\n\n<hr />\n<p>&nbsp;</p>\n\n<table cellpadding=\"0\" cellspacing=\"0\" class=\"titulTable\" style=\"background-attachment:initial; background-clip:initial; background-image:initial; background-origin:initial; background-position:initial; background-repeat:initial; background-size:initial; border-bottom-color:rgb(229, 229, 229); border-bottom-style:solid; border-collapse:collapse; border-spacing:0px; border-width:0px 0px 1px; font-family:helvetica,arial,sans-serif; font-size:12px; line-height:16.7999992370605px; margin:0px; outline:0px; padding:0px; text-align:justify; vertical-align:baseline; width:800px\">\n	<tbody>\n		<tr>\n			<td colspan=\"2\" style=\"vertical-align:baseline\">\n			<h2 style=\"font-style:inherit\"><strong>2014</strong></h2>\n			</td>\n		</tr>\n		<tr>\n			<td style=\"vertical-align:baseline\">\n			<p>AUTOSYSTEM vstoupil do f&aacute;ze v&yacute;hradn&iacute;ho zaměřen&iacute; na zprostředkov&aacute;n&iacute; prodeje nov&yacute;ch, předv&aacute;děc&iacute;ch a z&aacute;novn&iacute;ch automobilů.</p>\n\n			<p>Na rozd&iacute;l od jin&yacute;ch internetov&yacute;ch platforem a inzertn&iacute;ch webů, začal vytv&aacute;řet a splňovat odpov&iacute;daj&iacute;c&iacute; a požadovan&eacute; podm&iacute;nky pro nab&iacute;dku a prodej nov&yacute;ch vozů ve spolupr&aacute;ci s&nbsp;v&yacute;znamn&yacute;mi prodejci a dealery v&nbsp;ČR.</p>\n\n			<p>Zvy&scaron;ov&aacute;n&iacute; efektivity prodeje automobilů podpořil třet&iacute; rok rozvoje ř&iacute;d&iacute;c&iacute; a kontroln&iacute; aplikace AUTOKLIENT.</p>\n\n			<p>Byla zah&aacute;jena spolupr&aacute;ce s&nbsp;dal&scaron;&iacute; aplikac&iacute; AUTO-LINK, kter&aacute; jako jedin&aacute; v&nbsp;ČR zaji&scaron;ťuje spr&aacute;vn&yacute; přenos dat, parametrů a v&yacute;bav u nov&yacute;ch a z&aacute;novn&iacute;ch automobilů.</p>\n\n			<p>Byly tak na jedin&eacute;m internetov&eacute;m port&aacute;le AUTOSYSTEM vytvořeny podm&iacute;nky pro splněn&iacute; v&scaron;ech z&aacute;konn&yacute;ch podm&iacute;nek pro nab&iacute;dku nov&yacute;ch vozů, kromě jin&eacute;ho v&nbsp;souladu s&nbsp;ustanoven&iacute;mi nov&eacute;ho Občansk&eacute;ho z&aacute;kon&iacute;ku a předev&scaron;&iacute;m tak byl zah&aacute;jen proces, kter&yacute; usnadn&iacute; prodejcům a dealerům využ&iacute;vaj&iacute;c&iacute;ch služeb AUTOSYSTEM spr&aacute;vu, nab&iacute;dku a export automobilů.</p>\n\n			<p>V&nbsp;z&aacute;věru roku byla aktivov&aacute;na nov&aacute; verze AUTOSYSTEM, kter&aacute; na nov&yacute;ch zař&iacute;zen&iacute;ch přin&aacute;&scaron;&iacute; nejmoderněj&scaron;&iacute; n&aacute;stroje pro vyhled&aacute;v&aacute;n&iacute; a zobrazov&aacute;n&iacute; nab&iacute;dky automobilů, včetně v&scaron;ech souvisej&iacute;c&iacute;ch funkc&iacute; syst&eacute;mu.</p>\n\n			<p>AUTOSYSTEM se v&nbsp;průběhu roku stal synonymem pro prodej nov&yacute;ch vozů v&nbsp;ČR a stal se tak jedin&yacute;m internetov&yacute;ch port&aacute;lem ČR, kter&yacute; se na tuto komoditu vozů vyhrazuje. Ukončen&iacute;m v&yacute;stupů na klasick&yacute;ch inzertn&iacute;ch webech tak oddělil nov&eacute; produkty vozů od dominuj&iacute;c&iacute;ch nab&iacute;dek a reklamy na ojet&eacute; automobily.</p>\n\n			<p>&nbsp;</p>\n\n			<p><img alt=\"\" src=\"http://autonews.meevo/images/01.png\" style=\"float:right; height:350px; width:800px\" /></p>\n			</td>\n		</tr>\n	</tbody>\n</table>\n\n<p>&nbsp;</p>\n\n<table cellpadding=\"0\" cellspacing=\"0\" class=\"titulTable\" style=\"background-attachment:initial; background-clip:initial; background-image:initial; background-origin:initial; background-position:initial; background-repeat:initial; background-size:initial; border-bottom-color:rgb(229, 229, 229); border-bottom-style:solid; border-collapse:collapse; border-spacing:0px; border-width:0px 0px 1px; font-family:helvetica,arial,sans-serif; font-size:12px; line-height:16.7999992370605px; margin:0px; outline:0px; padding:0px; text-align:justify; vertical-align:baseline; width:800px\">\n	<tbody>\n		<tr>\n			<td colspan=\"2\" style=\"vertical-align:baseline\">\n			<h2 style=\"font-style:inherit\"><strong>2015</strong></h2>\n			</td>\n		</tr>\n		<tr>\n			<td style=\"vertical-align:baseline\">\n			<p>AUTOSYSTEM = prodej nov&yacute;ch vozů v&nbsp;ČR</p>\n\n			<p>S&nbsp;t&iacute;mto podtextem bude AUTOSYSTEM působit na trhu automobilů v&nbsp;ČR.</p>\n\n			<p>Ve spolupr&aacute;ci s&nbsp;v&yacute;znamn&yacute;mi dealery a prodejci nov&yacute;ch automobilů bude vytv&aacute;řet v&nbsp;prostřed&iacute; internetu podm&iacute;nky pro aplikaci standardů jejich prodeje z&nbsp;re&aacute;ln&eacute;ho prostřed&iacute;. C&iacute;lem nebude vytv&aacute;řet konkurenčn&iacute; prostřed&iacute;, ale dok&aacute;zat spr&aacute;vně nab&iacute;dnout maximum nov&yacute;ch vozů dostupn&yacute;ch v&nbsp;ČR koncov&yacute;m z&aacute;kazn&iacute;kům tak, aby jejich popt&aacute;vka byla průběžně uspokojov&aacute;na a nemuseli hledat alternativu v&nbsp;dovozech nebo v&nbsp;ojet&yacute;ch automobilech.</p>\n\n			<p>Aplikace standardů bude znamenat:</p>\n\n			<ul>\n				<li>spr&aacute;vn&eacute; a origin&aacute;ln&iacute; parametry a v&yacute;bavy vozů podle podm&iacute;nek v&yacute;robce</li>\n				<li>nab&iacute;dku a prezentaci vozů podle podm&iacute;nek v&yacute;robce</li>\n				<li>spr&aacute;vn&eacute; postupy při vyřizov&aacute;n&iacute; popt&aacute;vek</li>\n			</ul>\n\n			<p>Ve&scaron;ker&aacute; medi&aacute;ln&iacute; podpora bude soustředěna na port&aacute;l AUTOSYSTEM, jeho z&aacute;měr a obsah.</p>\n\n			<p>AUTO-LINK postupně zabezpeč&iacute; spr&aacute;vu a přenosy vozů v&nbsp;předepsan&yacute;ch konfigurac&iacute;ch.</p>\n\n			<p>AUTOKLIENT zajist&iacute; partnerům spr&aacute;vn&eacute; postupy při vyřizov&aacute;n&iacute; popt&aacute;vek, komunikaci se z&aacute;kazn&iacute;ky, evidenci potenci&aacute;lu a vyhodnocov&aacute;n&iacute; zdrojů popt&aacute;vek. Aktivov&aacute;ny budou dvě nov&eacute; č&aacute;sti aplikace &ndash; akvizičn&iacute; a poprodejn&iacute;.</p>\n\n			<p>Do konce roku 2015 se budou na AUTOSYSTEM nab&iacute;zet v&yacute;hradně nov&eacute; a kr&aacute;tkodobě jet&eacute; automobily z&nbsp;portfolia partnerů a klientů podle zm&iacute;něn&yacute;ch standardů.</p>\n\n			<p>AUTOSYSTEM tak bude jedin&yacute;m prostřed&iacute;m, kter&eacute; bude garantovat obsah nab&iacute;dky v&nbsp;souladu se z&aacute;konem, obecn&yacute;mi předpisy, podm&iacute;nkami a v&nbsp;souladu s&nbsp;podm&iacute;nkami v&yacute;robců.</p>\n\n			<p>Zv&yacute;&scaron;&iacute; se t&iacute;m prestiž a efektivita nab&iacute;dky nejen prodejců, ale i dal&scaron;&iacute;ch partnerů, využ&iacute;vaj&iacute;c&iacute;ch AUTOSYSTEM k&nbsp;reklamě sv&yacute;ch firem a produktů v&nbsp;oblasti &bdquo;auto&ldquo; (servis, n&aacute;hradn&iacute; d&iacute;ly, leasing, poji&scaron;těn&iacute;, zabezpečen&iacute; vozidel, čerpac&iacute; stanice, autodoplňky, &hellip;).</p>\n\n			<p>&nbsp;</p>\n\n			<p><img alt=\"\" src=\"http://autonews.meevo/images/2015.png\" style=\"float:right; height:350px; width:800px\" /></p>\n			</td>\n		</tr>\n	</tbody>\n</table>\n',	1,	'2015-01-28 21:25:00',	'2015-01-28 21:25:06',	NULL,	1,	'4-prosinec-2014',	0);

DROP TABLE IF EXISTS `relativeArticles`;
CREATE TABLE `relativeArticles` (
  `id` int(11) NOT NULL AUTO_INCREMENT,
  `parentArticle` int(11) NOT NULL,
  `relativeArticle` int(11) NOT NULL,
  PRIMARY KEY (`id`),
  KEY `parentArticle` (`parentArticle`),
  KEY `relativeArticle` (`relativeArticle`),
  CONSTRAINT `relativearticles_ibfk_1` FOREIGN KEY (`parentArticle`) REFERENCES `articles` (`id`),
  CONSTRAINT `relativearticles_ibfk_2` FOREIGN KEY (`relativeArticle`) REFERENCES `articles` (`id`)
) ENGINE=InnoDB DEFAULT CHARSET=utf8 COLLATE=utf8_unicode_ci;

INSERT INTO `relativeArticles` (`id`, `parentArticle`, `relativeArticle`) VALUES
(6,	12,	13),
(7,	12,	14),
(8,	12,	15),
(9,	12,	16),
(10,	18,	19),
(11,	18,	20),
(12,	18,	21);

-- 2015-02-04 21:19:49

DROP TABLE IF EXISTS `users`;
CREATE TABLE `users` (
  `id` int(11) NOT NULL AUTO_INCREMENT,
  `username` varchar(255) NOT NULL,
  `password` varchar(255) NOT NULL,
  `role` varchar(255) NOT NULL,
  PRIMARY KEY (`id`)
) ENGINE=InnoDB DEFAULT CHARSET=utf8;

-- ADMIN; ADMIN

INSERT INTO `users` (`id`, `username`, `password`, `role`) VALUES
(1,	'admin',	'$2y$10$aQOa6PFRyAsj6eBnkoTHJ.ylF4mISe4NMyTp.ir3MKPH1dzRPo26u',	'admin'),
(2,	'diana.augustinova',	'$2y$10$CFyJwUKbJcR21ft0NE3ia.Klld85bfwSz4veZiwVz0gXi5aYRLASG',	'admin');

-- 2015-01-23 16:01:28